<Config>
	<Database address="192.168.0.108" dbuser="QQQQ" dbpw="sssss"/>	
	
    <ServerVersion version="0" maxbullet="20" maxfish="300" wonderful_base="300" />
    <Combo sustain_time="5" buff_cycle="5" bufferchance="0.600" />
    <Energy>
        <item id="0" name="大招1" cditme="1.500" mincatch="5" maxcatch="9" revise="600" energyratio="10.000" radius="2" speed="0.500" time1="0.500" time2="0.800" time3="0.500" />
        <item id="1" name="大招2" cditme="1.500" mincatch="5" maxcatch="9" revise="600" energyratio="10.000" radius="2" speed="0.500" time1="0.500" time2="0.800" time3="0.500" />
        <item id="2" name="大招3" cditme="1.500" mincatch="5" maxcatch="9" revise="600" energyratio="10.000" radius="2" speed="0.500" time1="0.500" time2="0.800" time3="0.500" />
        <item id="3" name="大招4" cditme="1.500" mincatch="5" maxcatch="9" revise="600" energyratio="10.000" radius="2" speed="0.500" time1="0.500" time2="0.800" time3="0.500" />
        <item id="4" name="大招5" cditme="1.500" mincatch="5" maxcatch="9" revise="600" energyratio="10.000" radius="2" speed="0.500" time1="0.500" time2="0.800" time3="0.500" />
    </Energy>
    <Skill>
        <item id="0" name="闪电" cditme="3.000" mincatch="60" maxcatch="100" revise="4500" goodsid="900" multiple="50" goodsconsume="2 50" speed="0.000" time1="0.000" time2="0.000" time3="0.000" />
        <item id="1" name="冰冻" cditme="3.000" mincatch="60" maxcatch="100" revise="4500" goodsid="901" multiple="50" goodsconsume="2 50" speed="0.300" time1="0.300" time2="0.500" time3="0.300" />
        <item id="2" name="暴风" cditme="3.000" mincatch="60" maxcatch="100" revise="4500" goodsid="902" multiple="50" goodsconsume="2 50" speed="0.000" time1="0.000" time2="0.000" time3="0.000" />
        <item id="3" name="陨石" cditme="3.000" mincatch="1" maxcatch="10" revise="4500" goodsid="903" multiple="50" goodsconsume="2 50" speed="0.000" time1="0.000" time2="0.000" time3="0.000" />
        <item id="4" name="锁定" cditme="20.000" mincatch="0" maxcatch="0" revise="0" goodsid="904" multiple="0" goodsconsume="2 1" speed="0.000" time1="0.000" time2="0.000" time3="0.000" />
    </Skill>
    <Rate>
        <item id="0" value="10" unlock="0" unlockreward="0" drop="0.500" />
        <item id="1" value="9" unlock="2" unlockreward="6000" drop="0.500" />
        <item id="2" value="8" unlock="2" unlockreward="6001" drop="0.500" />
        <item id="3" value="7" unlock="2" unlockreward="6002" drop="0.400" />
        <item id="4" value="6" unlock="3" unlockreward="6003" drop="0.400" />
        <item id="5" value="5" unlock="3" unlockreward="6004" drop="0.300" />
        <item id="6" value="4" unlock="3" unlockreward="6005" drop="0.300" />
        <item id="7" value="3" unlock="5" unlockreward="6006" drop="0.200" />
        <item id="8" value="2" unlock="5" unlockreward="6007" drop="0.200" />
        <item id="9" value="1" unlock="5" unlockreward="6008" drop="0.100" />
		
        <item id="10" value="100" unlock="8" unlockreward="6009" drop="0.100" />
        <item id="11" value="90" unlock="8" unlockreward="6010" drop="0.000" />
        <item id="12" value="80" unlock="8" unlockreward="6011" drop="0.000" />
        <item id="13" value="70" unlock="10" unlockreward="6012" drop="-0.050" />
        <item id="14" value="60" unlock="10" unlockreward="6013" drop="-0.050" />
        <item id="15" value="50" unlock="10" unlockreward="6014" drop="-0.050" />
        <item id="16" value="40" unlock="20" unlockreward="6015" drop="-0.050" />
        <item id="17" value="30" unlock="20" unlockreward="6016" drop="-0.100" />
        <item id="18" value="20" unlock="20" unlockreward="6017" drop="-0.100" />
        <item id="19" value="10" unlock="20" unlockreward="6018" drop="-0.100" />
		
        <item id="20" value="1000" unlock="20" unlockreward="6019" drop="-0.100" />
        <item id="21" value="900" unlock="20" unlockreward="6020" drop="-0.100" />
        <item id="22" value="800" unlock="30" unlockreward="6021" drop="-0.100" />
        <item id="23" value="700" unlock="30" unlockreward="6022" drop="-0.100" />
        <item id="24" value="600" unlock="30" unlockreward="6023" drop="-0.100" />
        <item id="25" value="500" unlock="30" unlockreward="6024" drop="-0.100" />
        <item id="26" value="400" unlock="30" unlockreward="6025" drop="-0.100" />
        <item id="27" value="300" unlock="30" unlockreward="6026" drop="-0.200" />
        <item id="28" value="200" unlock="40" unlockreward="6027" drop="-0.200" />
        <item id="29" value="100" unlock="40" unlockreward="6028" drop="-0.200" />
		
        <item id="30" value="10000" unlock="50" unlockreward="6029" drop="-0.200" />
        <item id="31" value="9000" unlock="50" unlockreward="6030" drop="-0.200" />
        <item id="32" value="8000" unlock="60" unlockreward="6031" drop="-0.200" />
        <item id="33" value="7000" unlock="60" unlockreward="6032" drop="-0.200" />
        <item id="34" value="6000" unlock="70" unlockreward="6033" drop="-0.200" />
        <item id="35" value="5000" unlock="70" unlockreward="6034" drop="-0.200" />
        <item id="36" value="4000" unlock="80" unlockreward="6035" drop="-0.250" />		
        <item id="37" value="3000" unlock="80" unlockreward="6036" drop="-0.250" />
        <item id="38" value="2000" unlock="90" unlockreward="6037" drop="-0.250" />
        <item id="39" value="1000" unlock="90" unlockreward="6038" drop="-0.250" />
		
        <item id="40" value="750" unlock="100" unlockreward="6039" drop="-0.250" />
        <item id="41" value="800" unlock="100" unlockreward="6040" drop="-0.250" />
        <item id="42" value="850" unlock="110" unlockreward="6041" drop="-0.250" />
        <item id="43" value="900" unlock="110" unlockreward="6042" drop="-0.250" />
        <item id="44" value="950" unlock="120" unlockreward="6043" drop="-0.250" />
        <item id="45" value="1000" unlock="120" unlockreward="6044" drop="-0.300" />
    </Rate>
    <Cannon ratiofactor="2.1000" maxratio="2.5000" finalration="2.9300" lockratio="2.8600">
        <item id="0" name="玄光" bulletspeed="50" launcherinterval="0.150" consume="1" radius="0.300" catchradius="2.000" maxcatch="2" itemid="1300" itemcount="0" skill="255" speed="0.000" time1="0.000" time2="0.000" time3="0.000" collisionrate="0.500 1.000 0.500 1.000" />
        <item id="1" name="碧影" bulletspeed="50" launcherinterval="0.150" consume="1" radius="0.300" catchradius="2.000" maxcatch="2" itemid="1301" itemcount="1" skill="255" speed="0.000" time1="0.000" time2="0.000" time3="0.000" collisionrate="0.500 0.000 0.500 0.000" />
		
        <item id="2" name="旋刃" bulletspeed="50" launcherinterval="0.150" consume="1" radius="0.300" catchradius="3.000" maxcatch="3" itemid="1302" itemcount="1" skill="2" speed="0.000" time1="0.000" time2="0.000" time3="0.000" collisionrate="0.400 0.400 0.300 0.300 0.300 0.300" />
         <item id="3" name="凝霜" bulletspeed="50" launcherinterval="0.150" consume="1" radius="0.300" catchradius="3.000" maxcatch="3" itemid="1303" itemcount="1" skill="1" speed="0.200" time1="0.000" time2="1.000" time3="0.500" collisionrate="0.400 0.500 0.300 0.400 0.300 0.400" />
		<item id="4" name="穿云" bulletspeed="60" launcherinterval="0.150" consume="1" radius="0.300" catchradius="1.000" maxcatch="4" itemid="1304" itemcount="1" skill="3" speed="0.000" time1="0.000" time2="0.000" time3="0.000" collisionrate="0.400 0.500 0.200 0.400 0.200 0.400 0.200 0.400" />
    </Cannon>
    <Fish revies_Activity="1.000" flashfishid="25" flashfishCatch="4" flashfishradius="10">
        <item rank="0" id="8" value="2" maxcount="30" chance="1.010" type="1" flashchance="0.500" fishrate="1.000 1.000 1.000 0.700 0.700" name="小黄鱼" declare="我速度快，打不到打不到……" />
        <item rank="1" id="7" value="2" maxcount="30" chance="1.010" type="1" flashchance="0.500" fishrate="1.000 1.000 1.000 0.700 0.700" name="小草鱼" declare="成群的来，结队的走，摇一摇" />
        <item rank="2" id="15" value="4" maxcount="30" chance="1.810" type="1" flashchance="0.500" fishrate="1.000 1.000 1.000 0.700 0.600" name="热带鱼" declare="本鱼纯属观赏，请勿触碰" />
        <item rank="3" id="21" value="4" maxcount="18" chance="0.810" type="1" flashchance="0.500" fishrate="1.000 1.000 1.000 0.700 0.600" name="小眼泡鱼" declare="熬夜太多，眼袋下不去了！哎……" />
        <item rank="4" id="5" value="4" maxcount="18" chance="0.810" type="1" flashchance="0.500" fishrate="1.000 1.000 1.000 0.700 0.600" name="大头鱼" declare="我的头真的不大，好吗？" />
        <item rank="5" id="2" value="6" maxcount="15" chance="0.520" type="1" flashchance="0.400" fishrate="1.000 1.000 1.000 0.700 0.600" name="蓝吊" declare="我的花纹好看吗？" />
        <item rank="6" id="11" value="6" maxcount="17" chance="0.520" type="1" flashchance="0.400" fishrate="1.000 1.000 1.000 0.700 0.600" name="小丑鱼" declare="我……不会说笑话！" />
        <item rank="7" id="14" value="6" maxcount="16" chance="0.520" type="1" flashchance="0.400" fishrate="1.000 1.000 1.000 0.700 0.600" name="石头鱼" declare="想知道石头硬还是子弹硬？好吧，你赢了！" />
        <item rank="8" id="4" value="10" maxcount="15" chance="0.130" type="1" flashchance="0.400" fishrate="1.000 1.000 1.000 0.700 0.600" name="刺猬鱼" declare="别靠近我！我怕会伤害你！" />
        <item rank="9" id="17" value="8" maxcount="16" chance="0.130" type="1" flashchance="0.400" fishrate="1.000 1.000 1.000 0.700 0.600" name="鞭炮鱼" declare="噼里啪啦放炮了！" />
        <item rank="10" id="12" value="8" maxcount="10" chance="0.130" type="1" flashchance="0.400" fishrate="1.000 1.000 1.000 0.700 0.600" name="燕尾鱼" declare="我是优雅的绅士，请不要弄脏我的礼服！" />
        <item rank="11" id="0" value="12" maxcount="16" chance="0.130" type="1" flashchance="0.400" fishrate="1.000 1.000 1.000 0.700 0.600" name="灯笼鱼" declare="晚上，我是海洋明亮的星！" />
        <item rank="12" id="6" value="12" maxcount="15" chance="0.130" type="1" flashchance="0.400" fishrate="1.000 1.000 1.000 0.700 0.600" name="公主鱼" declare="当心点，别弄脏了本公主的裙子！" />
        <item rank="13" id="13" value="12" maxcount="10" chance="0.030" type="1" flashchance="0.400" fishrate="1.000 1.000 1.000 0.700 0.600" name="海龟" declare="大家别急，游慢点……" />
        <item rank="14" id="22" value="30" maxcount="15" chance="0.080" type="1" flashchance="0.300" fishrate="1.000 1.000 1.000 0.700 0.600" name="蝙蝠鱼" declare="除了优雅，我还有剧毒，不要惹我！" />
        <item rank="15" id="23" value="20" maxcount="15" chance="0.080" type="2" flashchance="0.300" fishrate="1.000 1.000 1.000 0.700 0.600" name="扁嘴鱼" declare="第9856遍重申，我跟鸭子并没有关系" />
        <item rank="16" id="16" value="30" maxcount="10" chance="0.050" type="2" flashchance="0.300" fishrate="1.000 1.000 1.000 0.700 0.600" name="剑鱼" declare="你想打架吗？说好不要用武器！" />
        <item rank="17" id="10" value="60" maxcount="14" chance="0.050" type="2" flashchance="0.200" fishrate="1.000 1.000 1.000 0.700 0.600" name="双髻鲨" declare="我的视力很好，别以为我看不见" />
        <item rank="18" id="9" value="60" maxcount="5" chance="0.050" type="2" flashchance="0.200" fishrate="1.000 1.000 1.000 0.700 0.600" name="蓝鲨" declare="咱交个朋友吧，我很久不吃肉了" />
        <item rank="19" id="18" value="80" maxcount="6" chance="0.050" type="2" flashchance="0.200" fishrate="1.000 1.000 1.000 0.700 0.600" name="黑鲨" declare="我保证你不愿意看见我的微笑！嘿嘿……" />
        <item rank="20" id="20" value="100" maxcount="2" chance="0.050" type="2" flashchance="0.100" fishrate="1.000 1.000 1.000 0.700 0.600" name="虎鲸" declare="我想游的再快点！" />
        <item rank="21" id="1" value="150" maxcount="2" chance="0.010" type="3" flashchance="0.100" fishrate="1.000 1.000 1.000 0.700 0.600" name="boss蓝鲨" declare="咱交个朋友吧，我很久不吃肉了" />
        <item rank="22" id="3" value="180" maxcount="2" chance="0.010" type="4" flashchance="0.000" fishrate="1.000 1.000 1.000 0.700 0.600" name="boss黑鲨" declare="我保证你不愿意看见我的微笑！嘿嘿……" />
        <item rank="23" id="19" value="200" maxcount="2" chance="0.010" type="5" flashchance="0.000" fishrate="1.000 1.000 1.000 0.700 0.600" name="boss虎鲸" declare="我想游的再快点！" />
        <item rank="24" id="25" value="20" maxcount="12" chance="0.050" type="0" flashchance="0.000" fishrate="1.250 1.250 0.250 0.250 0.250" name="电鳗" declare="统统化为焦炭吧啊！" />
        <item rank="25" id="24" value="0" maxcount="3" chance="0.000" type="0" flashchance="0.000" fishrate="0.250 0.250 0.250 0.250 0.250" name="背景鱼" declare="" />
    </Fish>
    <Rp cycle="5" effecttime="20">
        <item id="0" rp="10000.000" reviseratio1="0.000" reviseratio2="0.000" />
        <item id="1" rp="30000.000" reviseratio1="0.000" reviseratio2="0.000" />
        <item id="2" rp="50000.000" reviseratio1="0.000" reviseratio2="0.000" />
    </Rp>
    <Randomtime cycle="10" reviseratio1="-0.300" reviseratio2="0.300" />
    <Production />
    <Rank>
        <item id="0" experience="0" reviseratio="0.200" />
        <item id="1" experience="6000" reviseratio="0.200" />
        <item id="2" experience="14000" reviseratio="0.200" />
        <item id="3" experience="24000" reviseratio="0.000" />
        <item id="4" experience="35000" reviseratio="0.000" />
        <item id="5" experience="47000" reviseratio="0.000" />
        <item id="6" experience="59000" reviseratio="0.000" />
        <item id="7" experience="72000" reviseratio="0.000" />
        <item id="8" experience="85000" reviseratio="0.000" />
        <item id="9" experience="98000" reviseratio="0.000" />
        <item id="10" experience="146400" reviseratio="0.000" />
        <item id="11" experience="176400" reviseratio="0.000" />
        <item id="12" experience="209400" reviseratio="0.000" />
        <item id="13" experience="245700" reviseratio="0.000" />
        <item id="14" experience="285600" reviseratio="0.000" />
        <item id="15" experience="411750" reviseratio="0.000" />
        <item id="16" experience="471900" reviseratio="0.000" />
        <item id="17" experience="537000" reviseratio="0.000" />
        <item id="18" experience="608700" reviseratio="0.000" />
        <item id="19" experience="687000" reviseratio="0.000" />
        <item id="20" experience="772500" reviseratio="0.000" />
        <item id="21" experience="866550" reviseratio="0.000" />
        <item id="22" experience="970000" reviseratio="0.000" />
        <item id="23" experience="1083750" reviseratio="0.000" />
        <item id="24" experience="1209000" reviseratio="0.000" />
        <item id="25" experience="1335000" reviseratio="0.000" />
        <item id="26" experience="1473600" reviseratio="0.000" />
        <item id="27" experience="1626000" reviseratio="0.000" />
        <item id="28" experience="1792500" reviseratio="0.000" />
        <item id="29" experience="1975650" reviseratio="0.000" />
        <item id="30" experience="2250000" reviseratio="0.000" />
        <item id="31" experience="3402400" reviseratio="0.000" />
        <item id="32" experience="3845000" reviseratio="0.000" />
        <item id="33" experience="4332000" reviseratio="0.000" />
        <item id="34" experience="4867400" reviseratio="0.000" />
        <item id="35" experience="5456600" reviseratio="0.000" />
        <item id="36" experience="6104600" reviseratio="0.000" />
        <item id="37" experience="6817400" reviseratio="0.000" />
        <item id="38" experience="7601600" reviseratio="0.000" />
        <item id="39" experience="8464100" reviseratio="0.000" />
        <item id="40" experience="9413000" reviseratio="0.000" />
        <item id="41" experience="13070700" reviseratio="0.000" />
        <item id="42" experience="14505800" reviseratio="0.000" />
        <item id="43" experience="16084300" reviseratio="0.000" />
        <item id="44" experience="17820700" reviseratio="0.000" />
        <item id="45" experience="19730800" reviseratio="0.000" />
        <item id="46" experience="21831800" reviseratio="0.000" />
        <item id="47" experience="24143000" reviseratio="0.000" />
        <item id="48" experience="26685200" reviseratio="0.000" />
        <item id="49" experience="29481700" reviseratio="0.000" />
        <item id="50" experience="32557900" reviseratio="0.000" />
        <item id="51" experience="43130000" reviseratio="0.000" />
        <item id="52" experience="47596600" reviseratio="0.000" />
        <item id="53" experience="52509800" reviseratio="0.000" />
        <item id="54" experience="57914300" reviseratio="0.000" />
        <item id="55" experience="63859300" reviseratio="0.000" />
        <item id="56" experience="70398800" reviseratio="0.000" />
        <item id="57" experience="77592300" reviseratio="0.000" />
        <item id="58" experience="85505100" reviseratio="0.000" />
        <item id="59" experience="94209200" reviseratio="0.000" />
        <item id="60" experience="103783700" reviseratio="0.000" />
    </Rank>
    <PlayTime>
        <item id="0" time="0" reviseratio1="0.000" reviseratio2="0.000" drop="0.000" />
        <item id="1" time="300" reviseratio1="0.000" reviseratio2="0.000" drop="-0.200" />
        <item id="2" time="600" reviseratio1="0.000" reviseratio2="0.000" drop="-0.200" />
        <item id="3" time="1200" reviseratio1="0.000" reviseratio2="0.000" drop="-0.200" />
        <item id="4" time="1800" reviseratio1="0.000" reviseratio2="0.000" drop="-0.200" />
        <item id="5" time="2400" reviseratio1="0.000" reviseratio2="0.000" drop="-0.200" />
        <item id="6" time="3600" reviseratio1="0.000" reviseratio2="0.000" drop="-0.250" />
        <item id="7" time="7200" reviseratio1="0.000" reviseratio2="0.000" drop="-0.300" />
    </PlayTime>
    <Money>
        <item id="0" money="0" reviseratio1="0.000" reviseratio2="0.000" />
        <item id="1" money="100" reviseratio1="-1.000" reviseratio2="-1.000" />
    </Money>
    <Luck threshold="1000" base="0.500" part="0.800">
        <item id="0" nluck="50" reviseratio1="0.100" reviseratio2="0.200" />
        <item id="1" nluck="80" reviseratio1="0.700" reviseratio2="1.000" />
		<item id="2" nluck="10" reviseratio1="0.700" reviseratio2="1.000" />
		<item id="3" nluck="20" reviseratio1="0.700" reviseratio2="1.000" />
		<item id="4" nluck="30" reviseratio1="0.700" reviseratio2="1.000" />
		<item id="5" nluck="40" reviseratio1="0.700" reviseratio2="1.000" />
    </Luck>
    <Pool>
        <item id="0" pool="10000" reviseratio1="0.100" reviseratio2="0.600" />
        <item id="1" pool="200000" reviseratio1="0.000" reviseratio2="0.000" />
		<item id="2" pool="2000000" reviseratio1="0.000" reviseratio2="0.000" />
		<item id="3" pool="20000000" reviseratio1="0.000" reviseratio2="0.000" />
		<item id="4" pool="20000" reviseratio1="0.000" reviseratio2="0.000" />
		<item id="5" pool="20000" reviseratio1="0.000" reviseratio2="0.000" />
    </Pool>
    <FishDeadTime TianZai_DouDong="0.800" TianZai_Stay_Min="0.800" TianZai_Stay_Max="1.200" TianZai_Dead_Min="0.800" TianZai_Dead_Max="2.000" Bullet_BingDong_Dead_Min="0.200" Bullet_BingDong_Dead_Max="0.200" BingDong_Dead_Min="1.000" BingDong_Dead_Max="1.200" ShanDian_Dead_Min="0.500" ShanDian_Dead_Max="1.000" LongJuanFeng_Dead_Min="0.300" LongJuanFeng_Dead_Max="0.600" JiGuang_Stay_Time="0.200" JiGuang_Dead_Min="1.000" JiGuang_Dead_Max="1.000" ShandDian_Speed="0.000" JiGuang_Speed="0.000" JiGuang_BingDong_Speed="0.000" TianZai_Speed="0.000" BingDong_Speed="0.000" />
</Config>
