<?xml version="1.0" encoding="utf-8" standalone="yes"?>
<FishMonth MonthID="2">
    <RoleInfo Index="1" UserID="18597" FaceID="1" NickName="用户f2660a" Socre="35510" VipSocre="0"/>
    <RoleInfo Index="2" UserID="18234" FaceID="3" NickName="用户19bad9" Socre="22320" VipSocre="0"/>
    <RoleInfo Index="3" UserID="18415" FaceID="1" NickName="用户f0fe86" Socre="21647" VipSocre="0"/>
    <RoleInfo Index="4" UserID="18409" FaceID="1" NickName="用户fec5fa" Socre="15475" VipSocre="309"/>
    <RoleInfo Index="5" UserID="18470" FaceID="4" NickName="用户1adb97" Socre="15480" VipSocre="0"/>
    <RoleInfo Index="6" UserID="18227" FaceID="4" NickName="用户a3bd9f" Socre="15405" VipSocre="0"/>
    <RoleInfo Index="7" UserID="18447" FaceID="1" NickName="用户c6d9fe" Socre="15250" VipSocre="0"/>
    <RoleInfo Index="8" UserID="18147" FaceID="3" NickName="用户1e3b3f" Socre="9436" VipSocre="0"/>
    <RoleInfo Index="9" UserID="18343" FaceID="1" NickName="用户b9550d" Socre="9324" VipSocre="0"/>
    <RoleInfo Index="10" UserID="18270" FaceID="3" NickName="用户18dfe7" Socre="9022" VipSocre="0"/>
    <RoleInfo Index="11" UserID="18328" FaceID="2" NickName="用户1142d9" Socre="8550" VipSocre="0"/>
    <RoleInfo Index="12" UserID="18475" FaceID="1" NickName="用户bcad9f" Socre="8369" VipSocre="167"/>
    <RoleInfo Index="13" UserID="18231" FaceID="4" NickName="用户2e4e83" Socre="8246" VipSocre="164"/>
    <RoleInfo Index="14" UserID="18374" FaceID="1" NickName="用户fd0e3a" Socre="8358" VipSocre="0"/>
    <RoleInfo Index="15" UserID="18518" FaceID="4" NickName="用户8d9fe1" Socre="8290" VipSocre="0"/>
    <RoleInfo Index="16" UserID="18563" FaceID="1" NickName="用户96bd9f" Socre="8249" VipSocre="0"/>
    <RoleInfo Index="17" UserID="18247" FaceID="1" NickName="用户fe4d9f" Socre="8087" VipSocre="161"/>
    <RoleInfo Index="18" UserID="18230" FaceID="2" NickName="用户8f61d9" Socre="8160" VipSocre="0"/>
    <RoleInfo Index="19" UserID="18304" FaceID="1" NickName="用户4fed9f" Socre="5470" VipSocre="109"/>
    <RoleInfo Index="20" UserID="18284" FaceID="1" NickName="用户a6d9fd" Socre="5510" VipSocre="0"/>
</FishMonth>
