﻿<FishServer>
  <CenterServer NetworkID="1" IP="127.0.0.1" Port="12001"
                ListenCount="16"
                MaxSendCountPerFrame="10240"
                MaxAcceptNumPerFrame="16"
                MaxRecvCmdCount="10240"
                MaxSendCmdCount="10240"
                SceneHearbeatTick="100"
                RecvBuffSize="1232896"
                SendBuffSize="1232896"
                RecvThreadSum="1"
                SendThreadSum="1"
                SleepTime="1"
                AcceptSleepTime="1"
                TimeOut="100000"
                BuffSize="1232896"
				BeginRobotUserID="18121" 
				EndRobotUserID="18600"
                DBNetworkID="6"
                LogDBID="10"/>

  <FTPServer NetworkID="2" IP="127.0.0.1" Port="12002"
             ListenCount="16"
             MaxSendCountPerFrame="10240"
             MaxAcceptNumPerFrame="16"
             MaxRecvCmdCount="10240"
             MaxSendCmdCount="10240"
             SceneHearbeatTick="100"
             RecvBuffSize="1232896"
             SendBuffSize="1232896"
             RecvThreadSum="1"
             SendThreadSum="1"
             SleepTime="1"
             AcceptSleepTime="1"
             TimeOut="100000"
             BuffSize="1232896"
             FTPFilePath="C:\fishftp"
             LogDBID="10"/>

  <RankServer NetworkID="3" IP="47.92.123.59" Port="12003"
              ListenCount="16"
              MaxSendCountPerFrame="10240"
              MaxAcceptNumPerFrame="16"
              MaxRecvCmdCount="10240"
              MaxSendCmdCount="10240"
              SceneHearbeatTick="100"
              RecvBuffSize="1232896"
              SendBuffSize="1232896"
              RecvThreadSum="1"
              SendThreadSum="1"
              SleepTime="1"
              AcceptSleepTime="1"
              TimeOut="100000"
              BuffSize="1232896"
              DBNetworkID="6"
              LogDBID="10"/>

  <DBServer NetworkID="6" IP="127.0.0.1" Port="12021"
            ListenCount="16"
            MaxSendCountPerFrame="10240"
            MaxAcceptNumPerFrame="16"
            MaxRecvCmdCount="10240"
            MaxSendCmdCount="10240"
            SceneHearbeatTick="100"
            RecvBuffSize="1232896"
            SendBuffSize="1232896"
            RecvThreadSum="1"
            SendThreadSum="1"
            SleepTime="1"
            AcceptSleepTime="1"
            TimeOut="100000"
            BuffSize="1232896"
            DBName="fishgame" DBIP="127.0.0.1" DBUserName="root" DBUserPassword="111111" />
  <DBServer NetworkID="7" IP="127.0.0.1" Port="12022"
            ListenCount="16"
            MaxSendCountPerFrame="10240"
            MaxAcceptNumPerFrame="16"
            MaxRecvCmdCount="10240"
            MaxSendCmdCount="10240"
            SceneHearbeatTick="100"
            RecvBuffSize="1232896"
            SendBuffSize="1232896"
            RecvThreadSum="1"
            SendThreadSum="1"
            SleepTime="1"
            AcceptSleepTime="1"
            TimeOut="100000"
            BuffSize="1232896"
            DBName="fishgame" DBIP="127.0.0.1" DBUserName="root" DBUserPassword="111111" />
  <DBServer NetworkID="8" IP="127.0.0.1" Port="12023"
            ListenCount="16"
            MaxSendCountPerFrame="10240"
            MaxAcceptNumPerFrame="16"
            MaxRecvCmdCount="10240"
            MaxSendCmdCount="10240"
            SceneHearbeatTick="100"
            RecvBuffSize="1232896"
            SendBuffSize="1232896"
            RecvThreadSum="1"
            SendThreadSum="1"
            SleepTime="1"
            AcceptSleepTime="1"
            TimeOut="100000"
            BuffSize="1232896"
            DBName="fishgame" DBIP="127.0.0.1" DBUserName="root" DBUserPassword="111111" />
  <DBServer NetworkID="9" IP="127.0.0.1" Port="12024"
            ListenCount="16"
            MaxSendCountPerFrame="10240"
            MaxAcceptNumPerFrame="16"
            MaxRecvCmdCount="10240"
            MaxSendCmdCount="10240"
            SceneHearbeatTick="100"
            RecvBuffSize="1232896"
            SendBuffSize="1232896"
            RecvThreadSum="1"
            SendThreadSum="1"
            SleepTime="1"
            AcceptSleepTime="1"
            TimeOut="100000"
            BuffSize="1232896"
            DBName="fishgame" DBIP="127.0.0.1" DBUserName="root" DBUserPassword="111111" />

  <DBServer NetworkID="10" IP="127.0.0.1" Port="12025"
            ListenCount="16"
            MaxSendCountPerFrame="10240"
            MaxAcceptNumPerFrame="16"
            MaxRecvCmdCount="10240"
            MaxSendCmdCount="10240"
            SceneHearbeatTick="100"
            RecvBuffSize="1232896"
            SendBuffSize="1232896"
            RecvThreadSum="1"
            SendThreadSum="1"
            SleepTime="1"
            AcceptSleepTime="1"
            TimeOut="100000"
            BuffSize="1232896"
            DBName="fishlog" DBIP="127.0.0.1" DBUserName="root" DBUserPassword="111111" />

  <LogonServer LogonID="14"
               ClientNetworkID="15"
               ClientTimeOut="100000"
               ClientIP="47.92.123.59"
               ClientPort="40056"
               ClientListenCount="16"
               ClientMaxSendCountPerFrame="1"
               ClientMaxAcceptNumPerFrame="16"
               ClientMaxRecvCmdCount="64"
               ClientMaxSendCmdCount="64"
               ClientSceneHearbeatTick="100"
               ClientRecvBuffSize="1024"
               ClientSendBuffSize="1024"
               ClientRecvThreadSum="4"
               ClientSendThreadSum="4"
               ClientSleepTime="1"
               ClientAcceptSleepTime="1"
               ClientBuffSize="1024"
               
               ServerNetworkID="16"
               ServerTimeOut="100000"
               ServerIP="127.0.0.1"
               ServerPort="12005"
               ServerListenCount="16"
               ServerMaxSendCountPerFrame="10240"
               ServerMaxAcceptNumPerFrame="16"
               ServerMaxRecvCmdCount="10240"
               ServerMaxSendCmdCount="10240"
               ServerSceneHearbeatTick="100"
               ServerRecvBuffSize="1232896"
               ServerSendBuffSize="1232896"
               ServerRecvThreadSum="1"
               ServerSendThreadSum="1"
               ServerSleepTime="1"
               ServerAcceptSleepTime="1"
               ServerBuffSize="1232896"
               DBNetworkID="6"
               LogDBID="10"/>

  <LogonServer LogonID="17"
               ClientNetworkID="18"
               ClientTimeOut="100000"
               ClientIP="47.92.123.59"
               ClientPort="2003"
               ClientListenCount="16"
               ClientMaxSendCountPerFrame="1"
               ClientMaxAcceptNumPerFrame="16"
               ClientMaxRecvCmdCount="64"
               ClientMaxSendCmdCount="64"
               ClientSceneHearbeatTick="100"
               ClientRecvBuffSize="1024"
               ClientSendBuffSize="1024"
               ClientRecvThreadSum="4"
               ClientSendThreadSum="4"
               ClientSleepTime="1"
               ClientAcceptSleepTime="1"
               ClientBuffSize="1024"
               
               ServerNetworkID="19"
               ServerTimeOut="100000"
               ServerIP="127.0.0.1"
               ServerPort="12006"
               ServerListenCount="16"
               ServerMaxSendCountPerFrame="10240"
               ServerMaxAcceptNumPerFrame="16"
               ServerMaxRecvCmdCount="10240"
               ServerMaxSendCmdCount="10240"
               ServerSceneHearbeatTick="100"
               ServerRecvBuffSize="1232896"
               ServerSendBuffSize="1232896"
               ServerRecvThreadSum="1"
               ServerSendThreadSum="1"
               ServerSleepTime="1"
               ServerAcceptSleepTime="1"
               ServerBuffSize="1232896"
               DBNetworkID="6"
               LogDBID="10"/>
  <LogonServer LogonID="20"
               ClientNetworkID="21"
               ClientTimeOut="100000"
               ClientIP="47.92.123.59"
               ClientPort="2004"
               ClientListenCount="16"
               ClientMaxSendCountPerFrame="1"
               ClientMaxAcceptNumPerFrame="16"
               ClientMaxRecvCmdCount="64"
               ClientMaxSendCmdCount="64"
               ClientSceneHearbeatTick="100"
               ClientRecvBuffSize="1024"
               ClientSendBuffSize="1024"
               ClientRecvThreadSum="4"
               ClientSendThreadSum="4"
               ClientSleepTime="1"
               ClientAcceptSleepTime="1"
               ClientBuffSize="1024"
               
               ServerNetworkID="22"
               ServerTimeOut="100000"
               ServerIP="127.0.0.1"
               ServerPort="12007"
               ServerListenCount="16"
               ServerMaxSendCountPerFrame="10240"
               ServerMaxAcceptNumPerFrame="16"
               ServerMaxRecvCmdCount="10240"
               ServerMaxSendCmdCount="10240"
               ServerSceneHearbeatTick="100"
               ServerRecvBuffSize="1232896"
               ServerSendBuffSize="1232896"
               ServerRecvThreadSum="1"
               ServerSendThreadSum="1"
               ServerSleepTime="1"
               ServerAcceptSleepTime="1"
               ServerBuffSize="1232896"
               DBNetworkID="6"
               LogDBID="10"/>
  <LogonServer LogonID="23"
               ClientNetworkID="24"
               ClientTimeOut="100000"
               ClientIP="47.92.123.59"
               ClientPort="2005"
               ClientListenCount="16"
               ClientMaxSendCountPerFrame="1"
               ClientMaxAcceptNumPerFrame="16"
               ClientMaxRecvCmdCount="64"
               ClientMaxSendCmdCount="64"
               ClientSceneHearbeatTick="100"
               ClientRecvBuffSize="1024"
               ClientSendBuffSize="1024"
               ClientRecvThreadSum="4"
               ClientSendThreadSum="4"
               ClientSleepTime="1"
               ClientAcceptSleepTime="1"
               ClientBuffSize="1024"
               
               ServerNetworkID="25"
               ServerTimeOut="100000"
               ServerIP="127.0.0.1"
               ServerPort="12008"
               ServerListenCount="16"
               ServerMaxSendCountPerFrame="10240"
               ServerMaxAcceptNumPerFrame="16"
               ServerMaxRecvCmdCount="10240"
               ServerMaxSendCmdCount="10240"
               ServerSceneHearbeatTick="100"
               ServerRecvBuffSize="1232896"
               ServerSendBuffSize="1232896"
               ServerRecvThreadSum="1"
               ServerSendThreadSum="1"
               ServerSleepTime="1"
               ServerAcceptSleepTime="1"
               ServerBuffSize="1232896"
               DBNetworkID="6"
               LogDBID="10"/>

  <GameServer NetworkID="100" IP="47.92.123.59" Port="12051"
              ListenCount="16"
              MaxSendCountPerFrame="1"
              MaxAcceptNumPerFrame="16"
              MaxRecvCmdCount="128"
              MaxSendCmdCount="256"
              SceneHearbeatTick="100"
              RecvBuffSize="81960"
              SendBuffSize="81960"
              RecvThreadSum="4"
              SendThreadSum="4"
              SleepTime="1"
              AcceptSleepTime="1"
              TimeOut="100000"
              BuffSize="81960"
              DBNetworkID ="7"
              LogDBNetworkID="10"
              BeginRobotUserID="0" EndRobotUserID="0" SaveDBNetworkID="8"/>

  <GameServer NetworkID="101" IP="47.92.123.59" Port="12052"
              ListenCount="16"
              MaxSendCountPerFrame="1"
              MaxAcceptNumPerFrame="16"
              MaxRecvCmdCount="128"
              MaxSendCmdCount="256"
              SceneHearbeatTick="100"
              RecvBuffSize="8196"
              SendBuffSize="8196"
              RecvThreadSum="4"
              SendThreadSum="4"
              SleepTime="1"
              AcceptSleepTime="1"
              TimeOut="100000"
              BuffSize="8196"
              DBNetworkID ="6"
	      LogDBNetworkID="10"
              BeginRobotUserID="0" EndRobotUserID="0" SaveDBNetworkID="7"/>

  <GameServer 	NetworkID="102" IP="47.92.123.59" Port="12053"
				ListenCount="16"
				MaxSendCountPerFrame="1"
				MaxAcceptNumPerFrame="16"
				MaxRecvCmdCount="128"
				MaxSendCmdCount="258"
				SceneHearbeatTick="100"
				RecvBuffSize="8196"
				SendBuffSize="8196"
				RecvThreadSum="4"
				SendThreadSum="4"
				SleepTime="1"
				AcceptSleepTime="1"
				TimeOut="100000"
				BuffSize="8196"
				DBNetworkID ="6"
				LogDBNetworkID="10"
				BeginRobotUserID="0" 
				EndRobotUserID="0" 
				SaveDBNetworkID="7"/>
  <GameServer NetworkID="103" IP="47.92.123.59" Port="12054"
              ListenCount="16"
              MaxSendCountPerFrame="1"
              MaxAcceptNumPerFrame="16"
              MaxRecvCmdCount="128"
              MaxSendCmdCount="256"
              SceneHearbeatTick="100"
              RecvBuffSize="8196"
              SendBuffSize="8196"
              RecvThreadSum="4"
              SendThreadSum="4"
              SleepTime="1"
              AcceptSleepTime="1"
              TimeOut="100000"
              BuffSize="8196"
              DBNetworkID ="6"
	      LogDBNetworkID="10"
              BeginRobotUserID="0" EndRobotUserID="0" SaveDBNetworkID="7"/>


  <RobotServer UserLogonID="14" OpenRobotSum="99" BeginRobotSum="500"/>

  <OperateServer NetworkID="200" IP="47.92.123.59" Port="12100"
               ListenCount="16"
               MaxSendCountPerFrame="10240"
               MaxAcceptNumPerFrame="16"
               MaxRecvCmdCount="10240"
               MaxSendCmdCount="10240"
               SceneHearbeatTick="100"
               RecvBuffSize="1232896"
               SendBuffSize="1232896"
               RecvThreadSum="1"
               SendThreadSum="1"
               SleepTime="1"
               AcceptSleepTime="1"
               TimeOut="100000"
				BuffSize="1232896"
				DBNetworkID="6"
			HttpPort="1680" 
			HttpSleepTime="1" 
			HttpThreadSum="1" 
			HttpTimeOut="30000" 
			ProductSecret="12de52665a58469bad83eb6d74c7d123"
			SMSUserName="53733" 
			SMSPassword="l7n32b"  
			SMSInfo="您的手机验证码为%d"
			PhonePayPartNerID="10330012" 
			PhonePayOrgcode="KX0012" 
			PhonePayAgentId="sc0212" 
			PhonePayPassword="1273F6711BB24098E70405195F18D320"
			PhonePayPayPassword="9373F6711BB24098E70405195F18D312" 
			PhonePayIP="47.92.123.59" 
			PhonePayPort="8080" 
			PhonePayKey="F75BDC0E16701F76"
			HttpClientThreadNum="1" 
			HttpClientTimeout="30000"  
			HttpClientSleepTime="1" 
			OpenTest="0" 
			LogDBID="10" 
			ApppayID="3003814612" 
			ApppayKey="MIGfMA0GCSqGSIb3DQEBAQUAA4GNADCBiQKBgQCBOs4xIvQC0LbDTHx04mD6TkjJ64e6LnPwNBo1aXqMd6HjYf7NZgTrfiZSdBPUe2qjY3VoIAYUIRfewVL/			
			gm3gbvOkUfX7iwhm9X1gxgyHMkzw1xMCUFQ1dKvRFIwJk8ZQxRlX4LN/uuS4GNBxaaynuOC1tzyNBc3KCCYr+Ze/PQIDAQAB   "
			ApppayPrvKey="MIICXQIBAAKBgQCL061Vgr3PSSy2vFulL4r1ReVOhoB8kqhfPcREGuyZ5F52dV/Mjvx4fceCSV7Z2NJlYq8pjxDlXTNKq4qS4D10HgSF2dVT0kNkPiPGwBfbhZzjA/
			RWvt57a74hX8zx3nESA9YE68Uma4lVELfCje5Rf3fITY94i6OuMPQH81gpXQIDAQABAoGAfPKLqqTo/kkSRrysXEDOuHxb+z6fpDHdeTYVoxI4KRB0BQC/
			uWhwXS9wT5FGy/4/jE+R3N42J++PvQLrEnKFFmCV9HPf6dx4+z37CgBE7qupT4SrCIlOrsq29sUNiz/wctTQSbhY0KAWzSY5wifEnn18Qi4alT6uAXc9S06nyyECQQDU/
			vc4TML0fc4rhQGvMJjnqhDTqn29XinNsBlJomUhQ1pLUsmy0aMy7t3TkmL5hTpIGdT5N2lE15S1J8m5QvwlAkEAqA7ZujMPENfWgJxz+vWclfLycMxw8bKkOKUJwsAi61mnu8lHsg/SVrqbe0+/
			Zusy4LbwlAtji+crtgncAKxW2QJBAIRrHvd5gZrOu+aCglGQPP+J03xEenfImuStnosQ0x6i6Pf7ODpb6sI3juGCGNZX5av9o1JtCJ0sCd+2JMtwwaECQQCW6GbohWr
			U5Auwh0y6IIzQNU0wrtQIpTJDzyb5oxB4J5Sv0mk34m8tA/oT+6NSpoaUNJHJToTAHwAoQag1TovZAkBUqoM/JFVKUi5ZtnYkclHQPeEpd0jVFlBRppJuep+6wQOtI8uOc2R+
			zllyjAtolHyR49QV7ZwXSx8Mvxa9FuiR" 

			
			WeiXinAppID="wxc347ead5686ce7e1" 
			WeiXinSecret="c82089f40722b2b799674d0c03a34179" 
			QQAppID="" 
			QQAppKey=""/>

<GateServer NetworkID="210" 
			PingPort="43000" 
			SleepTime="1" 
			RecvBuffSize="2048" 
			SendBuffSize="2048"
			LogonNetworkID="1" 
			LogonListenIP="47.92.123.59" 
			LogonBuffSize="2048" 
			LogonThreadSum="4" 
			LogonServerPort="43001" 
			LogonClientPort="43002" 
			LogonTimeOut="100000" 
			LogonAcceptPerSec="10"
			GameNetworkID="2" 
			GameListenIP="47.92.123.59" 
			GameBuffSize="2048" 
			GameThreadSum="4" 
			GameServerPort="43003" 
			GameClientPort="43004" 
			GameTimeOut="100000" 
			GameAcceptPerSec="10"/>
<GateWays>
			<GateWay ChannelID="yinyongbao" 
			GateIp="" 
			GatePort="0" />
</GateWays>

<ControlServer ControlID="220"
			ControlServerNetworkID="1" 
			ControlServerIP="47.92.123.59" 
			ControlServerPort="32001"
            ControlServerListenCount="16"
            ControlServerMaxSendCountPerFrame="10240"
            ControlServerMaxAcceptNumPerFrame="16"
            ControlServerMaxRecvCmdCount="10240"
            ControlServerMaxSendCmdCount="10240"
            ControlServerSceneHearbeatTick="100"
            ControlServerRecvBuffSize="1232896"
            ControlServerSendBuffSize="1232896"
            ControlServerRecvThreadSum="1"
            ControlServerSendThreadSum="1"
            ControlServerSleepTime="1"
            ControlServerAcceptSleepTime="1"
            ControlServerTimeOut="100000"
            ControlServerBuffSize="1232896" 
			DBNetworkID="6"
	
            ControlClientNetworkID="2"
            ControlClientPassword="111111"
            ControlClientIP="47.92.123.59"
            ControlClientPort="32888"
            ControlClientListenCount = "16"
            ControlClientMaxSendCountPerFrame = "1"
            ControlClientMaxAcceptNumPerFrame = "16"
            ControlClientMaxRecvCmdCount = "64"
            ControlClientMaxSendCmdCount = "64"
            ControlClientSceneHearbeatTick = "100"
            ControlClientRecvBuffSize = "1024"
            ControlClientSendBuffSize = "1024"
            ControlClientRecvThreadSum = "1"
            ControlClientSendThreadSum = "1"
            ControlClientSleepTime = "1"
            ControlClientAcceptSleepTime = "1"
            ControlClientTimeOut = "100000"
            ControlClientBuffSize = "1024" LogDBID="10"/>

<MiniGameServer NetworkID="221" 
				IP="127.0.0.1" 
				Port="12154"
              ListenCount="16"
              MaxSendCountPerFrame="10240"
              MaxAcceptNumPerFrame="16"
              MaxRecvCmdCount="10240" 
              MaxSendCmdCount="10240" 
              SceneHearbeatTick="100" 
              RecvBuffSize="1232896" 
              SendBuffSize="1232896" 
              RecvThreadSum="4" 
              SendThreadSum="4" 
              SleepTime="1"
              AcceptSleepTime="1"  
              TimeOut="100000"
              BuffSize="1232896" 
			  BeginRobotUserID="19001" 
			  EndRobotUserID="20120"
              DBNetworkID ="6"
	          LogDBNetworkID="10"
/>
  
</FishServer>