<?xml version="1.0" encoding="utf-8" standalone="yes"?>
<FishMonth MonthID="2">
    <RoleInfo Index="1" UserID="18372" FaceID="1" NickName="用户5f8b1d" Socre="28990" VipSocre="0"/>
    <RoleInfo Index="2" UserID="18493" FaceID="2" NickName="用户7e7d9f" Socre="22062" VipSocre="441"/>
    <RoleInfo Index="3" UserID="18465" FaceID="0" NickName="用户01e1e3" Socre="14540" VipSocre="290"/>
    <RoleInfo Index="4" UserID="18575" FaceID="1" NickName="用户07adad" Socre="14480" VipSocre="289"/>
    <RoleInfo Index="5" UserID="18409" FaceID="1" NickName="用户fec5fa" Socre="14460" VipSocre="289"/>
    <RoleInfo Index="6" UserID="18399" FaceID="4" NickName="用户4bed9f" Socre="14495" VipSocre="0"/>
    <RoleInfo Index="7" UserID="18587" FaceID="3" NickName="用户e8501d" Socre="14425" VipSocre="0"/>
    <RoleInfo Index="8" UserID="18141" FaceID="2" NickName="用户f0ba1d" Socre="14355" VipSocre="0"/>
    <RoleInfo Index="9" UserID="18460" FaceID="0" NickName="用户a8c0aa" Socre="14280" VipSocre="0"/>
    <RoleInfo Index="10" UserID="18533" FaceID="1" NickName="用户f17d9f" Socre="14265" VipSocre="0"/>
    <RoleInfo Index="11" UserID="18177" FaceID="4" NickName="用户ed9fd1" Socre="9554" VipSocre="0"/>
    <RoleInfo Index="12" UserID="18556" FaceID="0" NickName="用户0b9bd9" Socre="9302" VipSocre="186"/>
    <RoleInfo Index="13" UserID="18167" FaceID="3" NickName="用户ee56d9" Socre="9254" VipSocre="0"/>
    <RoleInfo Index="14" UserID="18268" FaceID="2" NickName="用户00b344" Socre="9182" VipSocre="0"/>
    <RoleInfo Index="15" UserID="18492" FaceID="1" NickName="用户322095" Socre="9156" VipSocre="0"/>
    <RoleInfo Index="16" UserID="18328" FaceID="2" NickName="用户1142d9" Socre="8568" VipSocre="0"/>
    <RoleInfo Index="17" UserID="18175" FaceID="0" NickName="用户3cad9f" Socre="8554" VipSocre="0"/>
    <RoleInfo Index="18" UserID="18374" FaceID="1" NickName="用户fd0e3a" Socre="8543" VipSocre="0"/>
    <RoleInfo Index="19" UserID="18206" FaceID="1" NickName="用户bb372c" Socre="8532" VipSocre="0"/>
    <RoleInfo Index="20" UserID="18231" FaceID="4" NickName="用户2e4e83" Socre="8140" VipSocre="162"/>
</FishMonth>
